path,name_line,stmt_line,name,imported_from,area,disposition,is_reexport,reexport_kind,reexport_consumers,star_imported_from,has_noqa,has_pylint_disable,deepsource_would_report,pylint_would_report,rationale,commit
backend/alembic/env.py,21,21,RefreshToken,app.db.models,alembic,KEEP-SUPPRESS,False,,,,False,False,True,True,"Redundant today (app.db.base already registers all tables) but is the backup strand for Alembic autogenerate metadata. Suppress, do not delete.",620b45960fd3521ef1cffcd6d2f582c57eb402c3
backend/alembic/env.py,23,21,Role,app.db.models,alembic,KEEP-SUPPRESS,False,,,,False,False,True,True,"Redundant today (app.db.base already registers all tables) but is the backup strand for Alembic autogenerate metadata. Suppress, do not delete.",620b45960fd3521ef1cffcd6d2f582c57eb402c3
backend/alembic/env.py,24,21,User,app.db.models,alembic,KEEP-SUPPRESS,False,,,,False,False,True,True,"Redundant today (app.db.base already registers all tables) but is the backup strand for Alembic autogenerate metadata. Suppress, do not delete.",620b45960fd3521ef1cffcd6d2f582c57eb402c3
backend/alembic/versions/20260414_0001_backfill_ssh_security_policy.py,11,11,sa,sqlalchemy,alembic,REMOVE,False,,,,False,False,True,True,"No consumer, no pragma, no string reference.",620b45960fd3521ef1cffcd6d2f582c57eb402c3
backend/app/api/routes/__init__.py,62,62,patch_advisories_router,app.api.routes.patch_advisories,app/api/routes,KEEP-REEXPORT,True,explicit,patch_advisories_router,,False,False,True,True,Imported by app/api/main.py by name and passed to include_router(); deleting breaks backend import. Fix = add to __all__.,620b45960fd3521ef1cffcd6d2f582c57eb402c3
backend/app/api/routes/__init__.py,63,63,patch_executions_router,app.api.routes.patch_executions,app/api/routes,KEEP-REEXPORT,True,explicit,patch_executions_router,,False,False,True,True,Imported by app/api/main.py by name and passed to include_router(); deleting breaks backend import. Fix = add to __all__.,620b45960fd3521ef1cffcd6d2f582c57eb402c3
backend/app/api/routes/__init__.py,64,64,patch_policies_router,app.api.routes.patch_policies,app/api/routes,KEEP-REEXPORT,True,explicit,patch_policies_router,,False,False,True,True,Imported by app/api/main.py by name and passed to include_router(); deleting breaks backend import. Fix = add to __all__.,620b45960fd3521ef1cffcd6d2f582c57eb402c3
backend/app/api/routes/__init__.py,65,65,patch_rings_router,app.api.routes.patch_rings,app/api/routes,KEEP-REEXPORT,True,explicit,patch_rings_router,,False,False,True,True,Imported by app/api/main.py by name and passed to include_router(); deleting breaks backend import. Fix = add to __all__.,620b45960fd3521ef1cffcd6d2f582c57eb402c3
backend/app/api/routes/__init__.py,66,66,patch_update_plans_router,app.api.routes.patch_update_plans,app/api/routes,KEEP-REEXPORT,True,explicit,patch_update_plans_router,,False,False,True,True,Imported by app/api/main.py by name and passed to include_router(); deleting breaks backend import. Fix = add to __all__.,620b45960fd3521ef1cffcd6d2f582c57eb402c3
backend/app/api/routes/__init__.py,68,68,reports_router,app.api.routes.reports,app/api/routes,KEEP-REEXPORT,True,explicit,reports_router,,False,False,True,True,Imported by app/api/main.py by name and passed to include_router(); deleting breaks backend import. Fix = add to __all__.,620b45960fd3521ef1cffcd6d2f582c57eb402c3
backend/app/api/routes/__init__.py,78,78,system_patch_advisories_router,app.api.routes.system_patch_advisories,app/api/routes,KEEP-REEXPORT,True,explicit,system_patch_advisories_router,,False,False,True,True,Imported by app/api/main.py by name and passed to include_router(); deleting breaks backend import. Fix = add to __all__.,620b45960fd3521ef1cffcd6d2f582c57eb402c3
backend/app/api/routes/__init__.py,79,79,system_patch_policy_router,app.api.routes.system_patch_policy,app/api/routes,KEEP-REEXPORT,True,explicit,system_patch_policy_router,,False,False,True,True,Imported by app/api/main.py by name and passed to include_router(); deleting breaks backend import. Fix = add to __all__.,620b45960fd3521ef1cffcd6d2f582c57eb402c3
backend/app/api/routes/__init__.py,80,80,system_patch_ring_router,app.api.routes.system_patch_ring,app/api/routes,KEEP-REEXPORT,True,explicit,system_patch_ring_router,,False,False,True,True,Imported by app/api/main.py by name and passed to include_router(); deleting breaks backend import. Fix = add to __all__.,620b45960fd3521ef1cffcd6d2f582c57eb402c3
backend/app/api/routes/access_reviews.py,15,15,List,typing,app/api/routes,REMOVE,False,,,,False,False,True,True,"No consumer, no pragma, no string reference.",620b45960fd3521ef1cffcd6d2f582c57eb402c3
backend/app/api/routes/activation_tokens.py,23,23,System,app.db.models,app/api/routes,REMOVE,False,,,,False,False,True,True,"No consumer, no pragma, no string reference.",620b45960fd3521ef1cffcd6d2f582c57eb402c3
backend/app/api/routes/analytics.py,18,15,Job,app.db.models,app/api/routes,REMOVE,False,,,,False,False,True,True,"No consumer, no pragma, no string reference.",620b45960fd3521ef1cffcd6d2f582c57eb402c3
backend/app/api/routes/app_settings.py,3,3,Optional,typing,app/api/routes,REMOVE,False,,,,False,False,True,True,"No consumer, no pragma, no string reference.",620b45960fd3521ef1cffcd6d2f582c57eb402c3
backend/app/api/routes/audit.py,7,7,List,typing,app/api/routes,REMOVE,False,,,,False,False,True,True,"No consumer, no pragma, no string reference.",620b45960fd3521ef1cffcd6d2f582c57eb402c3
backend/app/api/routes/audit.py,10,10,validator,pydantic,app/api/routes,REMOVE,False,,,,False,False,True,True,"No consumer, no pragma, no string reference.",620b45960fd3521ef1cffcd6d2f582c57eb402c3
backend/app/api/routes/audits.py,8,8,List,typing,app/api/routes,REMOVE,False,,,,False,False,True,True,"No consumer, no pragma, no string reference.",620b45960fd3521ef1cffcd6d2f582c57eb402c3
backend/app/api/routes/auth.py,7,7,List,typing,app/api/routes,REMOVE-STALE-PRAGMA,False,,,,False,True,True,False,"Carries # pylint: disable=unused-import but has zero consumers (no explicit through-import, no star-import of this module), so the suppression protects nothing. Remove the name AND its now-pointless pragma. If the pragma sits on a shared multi-name block, keep the block comment for the siblings that are still re-exported.",620b45960fd3521ef1cffcd6d2f582c57eb402c3
backend/app/api/routes/auth.py,23,23,RoleAssignment,app.api.schemas.auth,app/api/routes,REMOVE-STALE-PRAGMA,False,,,,False,True,True,False,"Carries # pylint: disable=unused-import but has zero consumers (no explicit through-import, no star-import of this module), so the suppression protects nothing. Remove the name AND its now-pointless pragma. If the pragma sits on a shared multi-name block, keep the block comment for the siblings that are still re-exported.",620b45960fd3521ef1cffcd6d2f582c57eb402c3
backend/app/api/routes/auth.py,31,31,verify_admin,app.core.auth,app/api/routes,REMOVE-STALE-PRAGMA,False,,,,False,True,True,False,"Carries # pylint: disable=unused-import but has zero consumers (no explicit through-import, no star-import of this module), so the suppression protects nothing. Remove the name AND its now-pointless pragma. If the pragma sits on a shared multi-name block, keep the block comment for the siblings that are still re-exported.",620b45960fd3521ef1cffcd6d2f582c57eb402c3
backend/app/api/routes/bulk.py,11,11,Any,typing,app/api/routes,REMOVE,False,,,,False,False,True,True,"No consumer, no pragma, no string reference.",620b45960fd3521ef1cffcd6d2f582c57eb402c3
backend/app/api/routes/bulk.py,11,11,Dict,typing,app/api/routes,REMOVE,False,,,,False,False,True,True,"No consumer, no pragma, no string reference.",620b45960fd3521ef1cffcd6d2f582c57eb402c3
backend/app/api/routes/bulk.py,15,15,or_,sqlalchemy,app/api/routes,REMOVE,False,,,,False,False,True,True,"No consumer, no pragma, no string reference.",620b45960fd3521ef1cffcd6d2f582c57eb402c3
backend/app/api/routes/bulk.py,34,24,SystemAudit,app.db.models,app/api/routes,REMOVE,False,,,,False,False,True,True,"No consumer, no pragma, no string reference.",620b45960fd3521ef1cffcd6d2f582c57eb402c3
backend/app/api/routes/command_approvals.py,5,5,threading,threading,app/api/routes,REMOVE,False,,,,False,False,True,True,"No consumer, no pragma, no string reference.",620b45960fd3521ef1cffcd6d2f582c57eb402c3
backend/app/api/routes/command_approvals.py,17,17,CommandExecutionService,app.services.command_execution_service,app/api/routes,REMOVE,False,,,,False,False,True,True,"No consumer, no pragma, no string reference.",620b45960fd3521ef1cffcd6d2f582c57eb402c3
backend/app/api/routes/command_approvals.py,18,18,create_notification,app.services.notification_service,app/api/routes,REMOVE,False,,,,False,False,True,True,"No consumer, no pragma, no string reference.",620b45960fd3521ef1cffcd6d2f582c57eb402c3
backend/app/api/routes/command_whitelist.py,5,5,json,json,app/api/routes,REMOVE,False,,,,False,False,True,True,"No consumer, no pragma, no string reference.",620b45960fd3521ef1cffcd6d2f582c57eb402c3
backend/app/api/routes/compliance.py,38,33,ComplianceEvidenceRead,app.api.schemas.compliance,app/api/routes,REMOVE,False,,,,False,False,True,True,"No consumer, no pragma, no string reference.",620b45960fd3521ef1cffcd6d2f582c57eb402c3
backend/app/api/routes/connection_settings.py,5,5,HTTPException,fastapi,app/api/routes,REMOVE,False,,,,False,False,True,True,"No consumer, no pragma, no string reference.",620b45960fd3521ef1cffcd6d2f582c57eb402c3
backend/app/api/routes/content_profiles.py,30,26,EffectiveProfileBindingRead,app.api.schemas.content_profiles,app/api/routes,REMOVE,False,,,,False,False,True,True,"No consumer, no pragma, no string reference.",620b45960fd3521ef1cffcd6d2f582c57eb402c3
backend/app/api/routes/content_profiles.py,43,39,ResolvedMirrorEntryRead,app.api.schemas.content_serve,app/api/routes,REMOVE,False,,,,False,False,True,True,"No consumer, no pragma, no string reference.",620b45960fd3521ef1cffcd6d2f582c57eb402c3
backend/app/api/routes/facts.py,33,33,datetime,datetime,app/api/routes,REMOVE,False,,,,False,False,True,True,"No consumer, no pragma, no string reference.",620b45960fd3521ef1cffcd6d2f582c57eb402c3
backend/app/api/routes/file_transfer.py,6,6,List,typing,app/api/routes,REMOVE,False,,,,False,False,True,True,"No consumer, no pragma, no string reference.",620b45960fd3521ef1cffcd6d2f582c57eb402c3
backend/app/api/routes/fleet_operations.py,17,17,System,app.db.models,app/api/routes,REMOVE,False,,,,False,False,True,True,"No consumer, no pragma, no string reference.",620b45960fd3521ef1cffcd6d2f582c57eb402c3
backend/app/api/routes/notification_preferences.py,7,7,HTTPException,fastapi,app/api/routes,REMOVE,False,,,,False,False,True,True,"No consumer, no pragma, no string reference.",620b45960fd3521ef1cffcd6d2f582c57eb402c3
backend/app/api/routes/oidc.py,8,8,Any,typing,app/api/routes,REMOVE,False,,,,False,False,True,True,"No consumer, no pragma, no string reference.",620b45960fd3521ef1cffcd6d2f582c57eb402c3
backend/app/api/routes/oidc.py,16,16,get_current_user,app.core.auth,app/api/routes,REMOVE,False,,,,False,False,True,True,"No consumer, no pragma, no string reference.",620b45960fd3521ef1cffcd6d2f582c57eb402c3
backend/app/api/routes/package_reports.py,19,19,case,sqlalchemy,app/api/routes,REMOVE,False,,,,False,False,True,True,"No consumer, no pragma, no string reference.",620b45960fd3521ef1cffcd6d2f582c57eb402c3
backend/app/api/routes/patch_advisories.py,37,32,PatchAdvisoryFixedPackageRead,app.api.schemas.patch_advisories,app/api/routes,REMOVE,False,,,,False,False,True,True,"No consumer, no pragma, no string reference.",620b45960fd3521ef1cffcd6d2f582c57eb402c3
backend/app/api/routes/repos.py,9,9,Query,fastapi,app/api/routes,REMOVE,False,,,,False,False,True,True,"No consumer, no pragma, no string reference.",620b45960fd3521ef1cffcd6d2f582c57eb402c3
backend/app/api/routes/sessions.py,10,10,List,typing,app/api/routes,REMOVE,False,,,,False,False,True,True,"No consumer, no pragma, no string reference.",620b45960fd3521ef1cffcd6d2f582c57eb402c3
backend/app/api/routes/smart_groups.py,4,4,List,typing,app/api/routes,REMOVE,False,,,,False,False,True,True,"No consumer, no pragma, no string reference.",620b45960fd3521ef1cffcd6d2f582c57eb402c3
backend/app/api/routes/system_patch_advisories.py,32,28,PatchAdvisoryRead,app.api.schemas.patch_advisories,app/api/routes,REMOVE,False,,,,False,False,True,True,"No consumer, no pragma, no string reference.",620b45960fd3521ef1cffcd6d2f582c57eb402c3
backend/app/api/routes/system_patch_policy.py,28,28,PatchPolicyRead,app.api.schemas.patch_policies,app/api/routes,REMOVE,False,,,,False,False,True,True,"No consumer, no pragma, no string reference.",620b45960fd3521ef1cffcd6d2f582c57eb402c3
backend/app/api/routes/system_patch_ring.py,28,28,PatchRingRead,app.api.schemas.patch_rings,app/api/routes,REMOVE,False,,,,False,False,True,True,"No consumer, no pragma, no string reference.",620b45960fd3521ef1cffcd6d2f582c57eb402c3
backend/app/api/routes/systems.py,8,8,ipaddress,ipaddress,app/api/routes,REMOVE-STALE-PRAGMA,False,,,,False,True,True,False,"Carries # pylint: disable=unused-import but has zero consumers (no explicit through-import, no star-import of this module), so the suppression protects nothing. Remove the name AND its now-pointless pragma. If the pragma sits on a shared multi-name block, keep the block comment for the siblings that are still re-exported.",620b45960fd3521ef1cffcd6d2f582c57eb402c3
backend/app/api/routes/systems.py,15,15,func,sqlalchemy,app/api/routes,REMOVE,False,,,,False,False,True,True,"No consumer, no pragma, no string reference.",620b45960fd3521ef1cffcd6d2f582c57eb402c3
backend/app/api/routes/vault/vault.py,14,13,VaultConnectionError,app.services.vault_service,app/api/routes,REMOVE-STALE-PRAGMA,False,,,,False,True,True,False,"Carries # pylint: disable=unused-import but has zero consumers (no explicit through-import, no star-import of this module), so the suppression protects nothing. Remove the name AND its now-pointless pragma. If the pragma sits on a shared multi-name block, keep the block comment for the siblings that are still re-exported.",620b45960fd3521ef1cffcd6d2f582c57eb402c3
backend/app/api/routes/vault/vault.py,21,17,VaultHealthResponse,app.api.schemas.vault.vault,app/api/routes,REMOVE-STALE-PRAGMA,False,,,,False,True,True,False,"Carries # pylint: disable=unused-import but has zero consumers (no explicit through-import, no star-import of this module), so the suppression protects nothing. Remove the name AND its now-pointless pragma. If the pragma sits on a shared multi-name block, keep the block comment for the siblings that are still re-exported.",620b45960fd3521ef1cffcd6d2f582c57eb402c3
backend/app/api/routes/views.py,14,14,require_role,app.core.auth,app/api/routes,REMOVE,False,,,,False,False,True,True,"No consumer, no pragma, no string reference.",620b45960fd3521ef1cffcd6d2f582c57eb402c3
backend/app/broker/handlers.py,30,30,websockets,websockets,app/broker,REMOVE,False,,,,False,False,True,True,"No consumer, no pragma, no string reference.",620b45960fd3521ef1cffcd6d2f582c57eb402c3
backend/app/broker/handlers.py,54,49,Frame,app.broker.protocol,app/broker,REMOVE,False,,,,False,False,True,True,"No consumer, no pragma, no string reference.",620b45960fd3521ef1cffcd6d2f582c57eb402c3
backend/app/broker/tls.py,41,41,serialization,cryptography.hazmat.primitives,app/broker,REMOVE,False,,,,False,False,True,True,"No consumer, no pragma, no string reference.",620b45960fd3521ef1cffcd6d2f582c57eb402c3
backend/app/db/__init__.py,3,3,Base,app.db.base,app/db,KEEP-REEXPORT,False,,,,False,False,True,True,Intentional re-export; add __all__ = ['Base'] rather than deleting.,620b45960fd3521ef1cffcd6d2f582c57eb402c3
backend/app/db/models.py,19,18,AccessBinding,app.db.access_models,app/db,REVIEW-REEXPORT,True,star,,backend/app/db/__init__.py,True,True,False,False,Another module imports this name through here: ,620b45960fd3521ef1cffcd6d2f582c57eb402c3
backend/app/db/models.py,20,18,AccessGrant,app.db.access_models,app/db,REVIEW-REEXPORT,True,explicit+star,AccessGrant,backend/app/db/__init__.py,True,True,False,False,Another module imports this name through here: AccessGrant,620b45960fd3521ef1cffcd6d2f582c57eb402c3
backend/app/db/models.py,21,18,AccessRequest,app.db.access_models,app/db,REVIEW-REEXPORT,True,star,,backend/app/db/__init__.py,True,True,False,False,Another module imports this name through here: ,620b45960fd3521ef1cffcd6d2f582c57eb402c3
backend/app/db/models.py,22,18,AuditEvent,app.db.access_models,app/db,REVIEW-REEXPORT,True,explicit+star,AuditEvent,backend/app/db/__init__.py,True,True,False,False,Another module imports this name through here: AuditEvent,620b45960fd3521ef1cffcd6d2f582c57eb402c3
backend/app/db/models.py,23,18,AuditSink,app.db.access_models,app/db,REVIEW-REEXPORT,True,star,,backend/app/db/__init__.py,True,True,False,False,Another module imports this name through here: ,620b45960fd3521ef1cffcd6d2f582c57eb402c3
backend/app/db/models.py,24,18,AuditSinkDelivery,app.db.access_models,app/db,REVIEW-REEXPORT,True,star,,backend/app/db/__init__.py,True,True,False,False,Another module imports this name through here: ,620b45960fd3521ef1cffcd6d2f582c57eb402c3
backend/app/db/models.py,25,18,FileTransferAudit,app.db.access_models,app/db,REVIEW-REEXPORT,True,star,,backend/app/db/__init__.py,True,True,False,False,Another module imports this name through here: ,620b45960fd3521ef1cffcd6d2f582c57eb402c3
backend/app/db/models.py,26,18,FleetRole,app.db.access_models,app/db,REVIEW-REEXPORT,True,explicit+star,FleetRole,backend/app/db/__init__.py,True,True,False,False,Another module imports this name through here: FleetRole,620b45960fd3521ef1cffcd6d2f582c57eb402c3
backend/app/db/models.py,27,18,HostUserState,app.db.access_models,app/db,REVIEW-REEXPORT,True,star,,backend/app/db/__init__.py,True,True,False,False,Another module imports this name through here: ,620b45960fd3521ef1cffcd6d2f582c57eb402c3
backend/app/db/models.py,28,18,Recording,app.db.access_models,app/db,REVIEW-REEXPORT,True,star,,backend/app/db/__init__.py,True,True,False,False,Another module imports this name through here: ,620b45960fd3521ef1cffcd6d2f582c57eb402c3
backend/app/db/models.py,29,18,Session,app.db.access_models,app/db,REVIEW-REEXPORT,True,star,,backend/app/db/__init__.py,True,True,False,False,Another module imports this name through here: ,620b45960fd3521ef1cffcd6d2f582c57eb402c3
backend/app/db/models.py,30,18,TotpChallenge,app.db.access_models,app/db,REVIEW-REEXPORT,True,star,,backend/app/db/__init__.py,True,True,False,False,Another module imports this name through here: ,620b45960fd3521ef1cffcd6d2f582c57eb402c3
backend/app/db/models.py,36,35,CommandExecutionMetrics,app.db.command_execution_models,app/db,REVIEW-REEXPORT,True,star,,backend/app/db/__init__.py,True,True,False,False,Another module imports this name through here: ,620b45960fd3521ef1cffcd6d2f582c57eb402c3
backend/app/db/models.py,37,35,CommandExecutionPolicy,app.db.command_execution_models,app/db,REVIEW-REEXPORT,True,star,,backend/app/db/__init__.py,True,True,False,False,Another module imports this name through here: ,620b45960fd3521ef1cffcd6d2f582c57eb402c3
backend/app/db/models.py,38,35,CommandExecutionQueue,app.db.command_execution_models,app/db,REVIEW-REEXPORT,True,star,,backend/app/db/__init__.py,True,True,False,False,Another module imports this name through here: ,620b45960fd3521ef1cffcd6d2f582c57eb402c3
backend/app/db/models.py,39,35,CommandExecutionResult,app.db.command_execution_models,app/db,REVIEW-REEXPORT,True,star,,backend/app/db/__init__.py,True,True,False,False,Another module imports this name through here: ,620b45960fd3521ef1cffcd6d2f582c57eb402c3
backend/app/db/models.py,40,35,CommandExecutionSystemPolicy,app.db.command_execution_models,app/db,REVIEW-REEXPORT,True,star,,backend/app/db/__init__.py,True,True,False,False,Another module imports this name through here: ,620b45960fd3521ef1cffcd6d2f582c57eb402c3
backend/app/db/models.py,41,35,CommandExecutionUserPolicy,app.db.command_execution_models,app/db,REVIEW-REEXPORT,True,star,,backend/app/db/__init__.py,True,True,False,False,Another module imports this name through here: ,620b45960fd3521ef1cffcd6d2f582c57eb402c3
backend/app/db/models.py,42,35,CommandResourceLimit,app.db.command_execution_models,app/db,REVIEW-REEXPORT,True,star,,backend/app/db/__init__.py,True,True,False,False,Another module imports this name through here: ,620b45960fd3521ef1cffcd6d2f582c57eb402c3
backend/app/db/models.py,48,47,CompliancePolicy,app.db.compliance_models,app/db,REVIEW-REEXPORT,True,explicit+star,CompliancePolicy,backend/app/db/__init__.py,True,True,False,False,Another module imports this name through here: CompliancePolicy,620b45960fd3521ef1cffcd6d2f582c57eb402c3
backend/app/db/models.py,49,47,CompliancePolicyCheck,app.db.compliance_models,app/db,REVIEW-REEXPORT,True,explicit+star,CompliancePolicyCheck,backend/app/db/__init__.py,True,True,False,False,Another module imports this name through here: CompliancePolicyCheck,620b45960fd3521ef1cffcd6d2f582c57eb402c3
backend/app/db/models.py,50,47,CompliancePolicyEvidence,app.db.compliance_models,app/db,REVIEW-REEXPORT,True,explicit+star,CompliancePolicyEvidence,backend/app/db/__init__.py,True,True,False,False,Another module imports this name through here: CompliancePolicyEvidence,620b45960fd3521ef1cffcd6d2f582c57eb402c3
backend/app/db/models.py,51,47,ComplianceRemediationExecutionAttempt,app.db.compliance_models,app/db,REVIEW-REEXPORT,True,explicit+star,ComplianceRemediationExecutionAttempt,backend/app/db/__init__.py,True,True,False,False,Another module imports this name through here: ComplianceRemediationExecutionAttempt,620b45960fd3521ef1cffcd6d2f582c57eb402c3
backend/app/db/models.py,52,47,ComplianceRemediationPlan,app.db.compliance_models,app/db,REVIEW-REEXPORT,True,explicit+star,ComplianceRemediationPlan,backend/app/db/__init__.py,True,True,False,False,Another module imports this name through here: ComplianceRemediationPlan,620b45960fd3521ef1cffcd6d2f582c57eb402c3
backend/app/db/models.py,53,47,ComplianceRemediationRequest,app.db.compliance_models,app/db,REVIEW-REEXPORT,True,explicit+star,ComplianceRemediationRequest,backend/app/db/__init__.py,True,True,False,False,Another module imports this name through here: ComplianceRemediationRequest,620b45960fd3521ef1cffcd6d2f582c57eb402c3
backend/app/db/models.py,59,58,ReportRun,app.db.report_models,app/db,REVIEW-REEXPORT,True,explicit+star,ReportRun,backend/app/db/__init__.py,True,True,False,False,Another module imports this name through here: ReportRun,620b45960fd3521ef1cffcd6d2f582c57eb402c3
backend/app/db/models.py,60,58,ReportSchedule,app.db.report_models,app/db,REVIEW-REEXPORT,True,explicit+star,ReportSchedule,backend/app/db/__init__.py,True,True,False,False,Another module imports this name through here: ReportSchedule,620b45960fd3521ef1cffcd6d2f582c57eb402c3
backend/app/db/models.py,66,65,SchedulerJobLock,app.db.scheduler_models,app/db,REVIEW-REEXPORT,True,star,,backend/app/db/__init__.py,True,True,False,False,Another module imports this name through here: ,620b45960fd3521ef1cffcd6d2f582c57eb402c3
backend/app/core/startup_validation.py,34,34,Iterable,typing,app/other,REMOVE,False,,,,False,False,True,True,"No consumer, no pragma, no string reference.",620b45960fd3521ef1cffcd6d2f582c57eb402c3
backend/app/services/access_request_service.py,26,26,User,app.db.models,app/services,REMOVE,False,,,,False,False,True,True,"No consumer, no pragma, no string reference.",620b45960fd3521ef1cffcd6d2f582c57eb402c3
backend/app/services/airgap/schema.py,36,36,Dict,typing,app/services,REMOVE,False,,,,False,False,True,True,"No consumer, no pragma, no string reference.",620b45960fd3521ef1cffcd6d2f582c57eb402c3
backend/app/services/audit_event_service.py,49,49,threading,threading,app/services,REMOVE,False,,,,False,False,True,True,"No consumer, no pragma, no string reference.",620b45960fd3521ef1cffcd6d2f582c57eb402c3
backend/app/services/audit_event_service.py,50,50,time,time,app/services,REMOVE,False,,,,False,False,True,True,"No consumer, no pragma, no string reference.",620b45960fd3521ef1cffcd6d2f582c57eb402c3
backend/app/services/audit_event_service.py,53,53,List,typing,app/services,REMOVE,False,,,,False,False,True,True,"No consumer, no pragma, no string reference.",620b45960fd3521ef1cffcd6d2f582c57eb402c3
backend/app/services/compliance_remediation_execution_service.py,91,88,ERROR_CODE_TRANSPORT_UNAVAILABLE,app.services.patch_execution_dispatch_service,app/services,REMOVE,False,,,,False,False,True,True,"No consumer, no pragma, no string reference.",620b45960fd3521ef1cffcd6d2f582c57eb402c3
backend/app/services/compliance_remediation_execution_service.py,92,88,ERROR_CODE_UNSUPPORTED_FAMILY,app.services.patch_execution_dispatch_service,app/services,REMOVE,False,,,,False,False,True,True,"No consumer, no pragma, no string reference.",620b45960fd3521ef1cffcd6d2f582c57eb402c3
backend/app/services/content_profile_apply.py,73,68,managed_filenames,app.services.channel_source_writer,app/services,REMOVE,False,,,,False,False,True,True,"No consumer, no pragma, no string reference.",620b45960fd3521ef1cffcd6d2f582c57eb402c3
backend/app/services/content_profile_diff.py,47,47,MirrorRepo,app.db.models,app/services,REMOVE,False,,,,False,False,True,True,"No consumer, no pragma, no string reference.",620b45960fd3521ef1cffcd6d2f582c57eb402c3
backend/app/services/file_transfer_service.py,49,49,BrokerError,app.services.broker_client,app/services,REMOVE,False,,,,False,False,True,True,"No consumer, no pragma, no string reference.",620b45960fd3521ef1cffcd6d2f582c57eb402c3
backend/app/services/health_service.py,20,15,Package,app.db.models,app/services,REMOVE,False,,,,False,False,True,True,"No consumer, no pragma, no string reference.",620b45960fd3521ef1cffcd6d2f582c57eb402c3
backend/app/services/host_etc_writer.py,50,50,shlex,shlex,app/services,REMOVE,False,,,,False,False,True,True,"No consumer, no pragma, no string reference.",620b45960fd3521ef1cffcd6d2f582c57eb402c3
backend/app/services/job_service.py,24,16,User,app.db.models,app/services,REMOVE,False,,,,False,False,True,True,"No consumer, no pragma, no string reference.",620b45960fd3521ef1cffcd6d2f582c57eb402c3
backend/app/services/license_service.py,50,39,TIER_FREE,app.core.entitlements,app/services,REMOVE,False,,,,False,False,True,True,"No consumer, no pragma, no string reference.",620b45960fd3521ef1cffcd6d2f582c57eb402c3
backend/app/services/lifecycle_emitter_service.py,36,36,Iterable,typing,app/services,REMOVE,False,,,,False,False,True,True,"No consumer, no pragma, no string reference.",620b45960fd3521ef1cffcd6d2f582c57eb402c3
backend/app/services/mirror_package_index.py,39,39,Sequence,typing,app/services,REMOVE,False,,,,False,False,True,True,"No consumer, no pragma, no string reference.",620b45960fd3521ef1cffcd6d2f582c57eb402c3
backend/app/services/mirror_package_index.py,43,43,MirrorRepo,app.db.models,app/services,REMOVE,False,,,,False,False,True,True,"No consumer, no pragma, no string reference.",620b45960fd3521ef1cffcd6d2f582c57eb402c3
backend/app/services/mirror_serve_credential_service.py,48,48,and_,sqlalchemy,app/services,REMOVE,False,,,,False,False,True,True,"No consumer, no pragma, no string reference.",620b45960fd3521ef1cffcd6d2f582c57eb402c3
backend/app/services/oidc_service.py,13,13,base64url_decode,jose.utils,app/services,REMOVE,False,,,,False,False,True,True,"No consumer, no pragma, no string reference.",620b45960fd3521ef1cffcd6d2f582c57eb402c3
backend/app/services/package_service.py,12,12,func,sqlalchemy,app/services,REMOVE,False,,,,False,False,True,True,"No consumer, no pragma, no string reference.",620b45960fd3521ef1cffcd6d2f582c57eb402c3
backend/app/services/patch_execution_dispatch_service.py,69,68,PatchPolicy,app.db.models,app/services,REMOVE,False,,,,False,False,True,True,"No consumer, no pragma, no string reference.",620b45960fd3521ef1cffcd6d2f582c57eb402c3
backend/app/services/patch_execution_dispatch_service.py,73,68,PatchUpdatePlanHost,app.db.models,app/services,REMOVE,False,,,,False,False,True,True,"No consumer, no pragma, no string reference.",620b45960fd3521ef1cffcd6d2f582c57eb402c3
backend/app/services/patch_execution_dispatch_service.py,81,80,AUDIT_EXECUTION_CANCELED,app.services.patch_execution_service,app/services,REMOVE-STALE-PRAGMA,False,,,,True,False,False,True,"Carries # noqa but has zero consumers (no explicit through-import, no star-import of this module), so the suppression protects nothing. Remove the name AND its now-pointless pragma. If the pragma sits on a shared multi-name block, keep the block comment for the siblings that are still re-exported.",620b45960fd3521ef1cffcd6d2f582c57eb402c3
backend/app/services/patch_reboot_dispatch_service.py,77,77,Awaitable,typing,app/services,REMOVE,False,,,,False,False,True,True,"No consumer, no pragma, no string reference.",620b45960fd3521ef1cffcd6d2f582c57eb402c3
backend/app/services/patch_rollback_dispatch_service.py,69,69,Callable,typing,app/services,REMOVE,False,,,,False,False,True,True,"No consumer, no pragma, no string reference.",620b45960fd3521ef1cffcd6d2f582c57eb402c3
backend/app/services/patch_rollback_dispatch_service.py,81,73,PatchUpdateExecutionRollbackHost,app.db.models,app/services,REMOVE,False,,,,False,False,True,True,"No consumer, no pragma, no string reference.",620b45960fd3521ef1cffcd6d2f582c57eb402c3
backend/app/services/patch_rollback_dispatch_service.py,82,73,PatchUpdateExecutionRollbackPackage,app.db.models,app/services,REMOVE,False,,,,False,False,True,True,"No consumer, no pragma, no string reference.",620b45960fd3521ef1cffcd6d2f582c57eb402c3
backend/app/services/patch_rollback_dispatch_service.py,92,88,ERROR_CODE_UNSUPPORTED_FAMILY,app.services.patch_execution_dispatch_service,app/services,REMOVE,False,,,,False,False,True,True,"No consumer, no pragma, no string reference.",620b45960fd3521ef1cffcd6d2f582c57eb402c3
backend/app/services/patch_rollback_dispatch_service.py,99,98,ROLLBACK_PACKAGE_STATE_FEASIBLE,app.services.patch_rollback_service,app/services,REMOVE,False,,,,False,False,True,True,"No consumer, no pragma, no string reference.",620b45960fd3521ef1cffcd6d2f582c57eb402c3
backend/app/services/patch_rollback_service.py,121,117,PACKAGE_MANAGER_FAMILY_UNKNOWN,app.services.patch_update_plan_service,app/services,REMOVE,False,,,,False,False,True,True,"No consumer, no pragma, no string reference.",620b45960fd3521ef1cffcd6d2f582c57eb402c3
backend/app/services/patch_rollback_verify_service.py,64,58,PatchUpdateExecution,app.db.models,app/services,REMOVE,False,,,,False,False,True,True,"No consumer, no pragma, no string reference.",620b45960fd3521ef1cffcd6d2f582c57eb402c3
backend/app/services/patch_rollback_verify_service.py,65,58,PatchUpdateExecutionRollback,app.db.models,app/services,REMOVE,False,,,,False,False,True,True,"No consumer, no pragma, no string reference.",620b45960fd3521ef1cffcd6d2f582c57eb402c3
backend/app/services/recording_service.py,32,32,Iterable,typing,app/services,REMOVE,False,,,,False,False,True,True,"No consumer, no pragma, no string reference.",620b45960fd3521ef1cffcd6d2f582c57eb402c3
backend/app/services/repo_service.py,14,14,SSHConnectionError,app.services.ssh_service,app/services,REMOVE,False,,,,False,False,True,True,"No consumer, no pragma, no string reference.",620b45960fd3521ef1cffcd6d2f582c57eb402c3
backend/app/services/report_schedule_service.py,36,36,User,app.db.models,app/services,REMOVE,False,,,,False,False,True,True,"No consumer, no pragma, no string reference.",620b45960fd3521ef1cffcd6d2f582c57eb402c3
backend/app/services/smart_group_service.py,46,46,Iterable,typing,app/services,REMOVE,False,,,,False,False,True,True,"No consumer, no pragma, no string reference.",620b45960fd3521ef1cffcd6d2f582c57eb402c3
backend/app/services/ssh_facts_collector_service.py,26,26,datetime,datetime,app/services,REMOVE,False,,,,False,False,True,True,"No consumer, no pragma, no string reference.",620b45960fd3521ef1cffcd6d2f582c57eb402c3
backend/app/services/transport/agent.py,30,28,FileCloseFn,app.services.transport.base,app/services,REMOVE,False,,,,False,False,True,True,"No consumer, no pragma, no string reference.",620b45960fd3521ef1cffcd6d2f582c57eb402c3
backend/app/services/transport/ssh.py,23,23,io,io,app/services,REMOVE,False,,,,False,False,True,True,"No consumer, no pragma, no string reference.",620b45960fd3521ef1cffcd6d2f582c57eb402c3
backend/scripts/seed_data.py,3,3,datetime,datetime,scripts,REMOVE,False,,,,False,False,True,True,"No consumer, no pragma, no string reference.",620b45960fd3521ef1cffcd6d2f582c57eb402c3
backend/scripts/seed_data.py,5,5,text,sqlalchemy,scripts,REMOVE,False,,,,False,False,True,True,"No consumer, no pragma, no string reference.",620b45960fd3521ef1cffcd6d2f582c57eb402c3
backend/scripts/spikes/spike_peer_cert_uvicorn.py,51,51,Optional,typing,scripts,DEFER-SPIKE-REMOVAL,False,,,,False,False,True,True,"Located under scripts/spikes/, which is scheduled for removal; do not remediate these imports separately.",620b45960fd3521ef1cffcd6d2f582c57eb402c3
backend/scripts/spikes/spike_peer_cert_uvicorn.py,58,58,rsa,cryptography.hazmat.primitives.asymmetric,scripts,DEFER-SPIKE-REMOVAL,False,,,,False,False,True,True,"Located under scripts/spikes/, which is scheduled for removal; do not remediate these imports separately.",620b45960fd3521ef1cffcd6d2f582c57eb402c3
backend/scripts/spikes/verify_cold_stack.py,45,45,Channel,app.broker.protocol,scripts,DEFER-SPIKE-REMOVAL,False,,,,False,False,True,True,"Located under scripts/spikes/, which is scheduled for removal; do not remediate these imports separately.",620b45960fd3521ef1cffcd6d2f582c57eb402c3
backend/scripts/spikes/verify_cold_stack.py,45,45,Frame,app.broker.protocol,scripts,DEFER-SPIKE-REMOVAL,False,,,,False,False,True,True,"Located under scripts/spikes/, which is scheduled for removal; do not remediate these imports separately.",620b45960fd3521ef1cffcd6d2f582c57eb402c3
backend/scripts/spikes/verify_cold_stack.py,45,45,FrameOp,app.broker.protocol,scripts,DEFER-SPIKE-REMOVAL,False,,,,False,False,True,True,"Located under scripts/spikes/, which is scheduled for removal; do not remediate these imports separately.",620b45960fd3521ef1cffcd6d2f582c57eb402c3
backend/scripts/spikes/verify_cold_stack.py,45,45,decode_frame,app.broker.protocol,scripts,DEFER-SPIKE-REMOVAL,False,,,,False,False,True,True,"Located under scripts/spikes/, which is scheduled for removal; do not remediate these imports separately.",620b45960fd3521ef1cffcd6d2f582c57eb402c3
backend/scripts/spikes/verify_cold_stack.py,45,45,encode_frame,app.broker.protocol,scripts,DEFER-SPIKE-REMOVAL,False,,,,False,False,True,True,"Located under scripts/spikes/, which is scheduled for removal; do not remediate these imports separately.",620b45960fd3521ef1cffcd6d2f582c57eb402c3
backend/scripts/test_command_validation.py,16,15,CommandValidationRule,app.db.models,scripts,REMOVE,False,,,,False,False,True,True,"No consumer, no pragma, no string reference.",620b45960fd3521ef1cffcd6d2f582c57eb402c3
backend/scripts/test_command_validation.py,17,15,CommandWhitelist,app.db.models,scripts,REMOVE,False,,,,False,False,True,True,"No consumer, no pragma, no string reference.",620b45960fd3521ef1cffcd6d2f582c57eb402c3
backend/scripts/test_host_key_verification.py,15,15,SSHSecurityPolicy,app.db.ssh_security_models,scripts,REMOVE,False,,,,False,False,True,True,"No consumer, no pragma, no string reference.",620b45960fd3521ef1cffcd6d2f582c57eb402c3
backend/scripts/test_result_processing.py,17,17,Credential,app.db.models,scripts,REMOVE,False,,,,False,False,True,True,"No consumer, no pragma, no string reference.",620b45960fd3521ef1cffcd6d2f582c57eb402c3
backend/scripts/test_result_processing.py,17,17,Distro,app.db.models,scripts,REMOVE,False,,,,False,False,True,True,"No consumer, no pragma, no string reference.",620b45960fd3521ef1cffcd6d2f582c57eb402c3
backend/scripts/test_result_processing.py,17,17,Group,app.db.models,scripts,REMOVE,False,,,,False,False,True,True,"No consumer, no pragma, no string reference.",620b45960fd3521ef1cffcd6d2f582c57eb402c3
backend/scripts/test_result_processing.py,17,17,Role,app.db.models,scripts,REMOVE,False,,,,False,False,True,True,"No consumer, no pragma, no string reference.",620b45960fd3521ef1cffcd6d2f582c57eb402c3
backend/tests/api/test_auth.py,3,3,pytest,pytest,tests,REMOVE,False,,,,False,False,True,True,"No consumer, no pragma, no string reference.",620b45960fd3521ef1cffcd6d2f582c57eb402c3
backend/tests/api/test_packages.py,4,4,MagicMock,unittest.mock,tests,REMOVE,False,,,,False,False,True,True,"No consumer, no pragma, no string reference.",620b45960fd3521ef1cffcd6d2f582c57eb402c3
backend/tests/api/test_pra134_ee_integration.py,18,18,pytest,pytest,tests,REMOVE,False,,,,False,False,True,True,"No consumer, no pragma, no string reference.",620b45960fd3521ef1cffcd6d2f582c57eb402c3
backend/tests/api/test_pra153_transport_pref_and_health.py,20,20,Optional,typing,tests,REMOVE,False,,,,False,False,True,True,"No consumer, no pragma, no string reference.",620b45960fd3521ef1cffcd6d2f582c57eb402c3
backend/tests/api/test_pra156_e2e.py,42,37,HostFacts,app.db.models,tests,REMOVE,False,,,,False,False,True,True,"No consumer, no pragma, no string reference.",620b45960fd3521ef1cffcd6d2f582c57eb402c3
backend/tests/api/test_pra157_mirrors_routes.py,15,15,pytest,pytest,tests,REMOVE,False,,,,False,False,True,True,"No consumer, no pragma, no string reference.",620b45960fd3521ef1cffcd6d2f582c57eb402c3
backend/tests/api/test_pra158_rotation_routes.py,34,34,vault_path_for,app.services.mirror_signing_key_service,tests,REMOVE,False,,,,False,False,True,True,"No consumer, no pragma, no string reference.",620b45960fd3521ef1cffcd6d2f582c57eb402c3
backend/tests/api/test_pra159_content_channels_routes.py,22,19,ContentProfile,app.db.models,tests,REMOVE,False,,,,False,False,True,True,"No consumer, no pragma, no string reference.",620b45960fd3521ef1cffcd6d2f582c57eb402c3
backend/tests/api/test_pra159_content_channels_routes.py,23,19,ContentProfileChannel,app.db.models,tests,REMOVE,False,,,,False,False,True,True,"No consumer, no pragma, no string reference.",620b45960fd3521ef1cffcd6d2f582c57eb402c3
backend/tests/api/test_pra159_content_profile_apply_routes.py,13,12,ContentProfile,app.db.models,tests,REMOVE,False,,,,False,False,True,True,"No consumer, no pragma, no string reference.",620b45960fd3521ef1cffcd6d2f582c57eb402c3
backend/tests/api/test_pra159_content_profile_apply_routes.py,16,12,HostContentProfileSubscription,app.db.models,tests,REMOVE,False,,,,False,False,True,True,"No consumer, no pragma, no string reference.",620b45960fd3521ef1cffcd6d2f582c57eb402c3
backend/tests/api/test_pra159_content_profile_apply_routes.py,19,19,orch_module,app.services,tests,REMOVE,False,,,,False,False,True,True,"No consumer, no pragma, no string reference.",620b45960fd3521ef1cffcd6d2f582c57eb402c3
backend/tests/api/test_pra159_content_profiles_routes.py,12,11,ContentChannel,app.db.models,tests,REMOVE,False,,,,False,False,True,True,"No consumer, no pragma, no string reference.",620b45960fd3521ef1cffcd6d2f582c57eb402c3
backend/tests/api/test_pra159_content_profiles_routes.py,16,11,HostContentProfileSubscription,app.db.models,tests,REMOVE,False,,,,False,False,True,True,"No consumer, no pragma, no string reference.",620b45960fd3521ef1cffcd6d2f582c57eb402c3
backend/tests/api/test_pra159_content_profiles_routes.py,19,11,SmartGroupMembership,app.db.models,tests,REMOVE,False,,,,False,False,True,True,"No consumer, no pragma, no string reference.",620b45960fd3521ef1cffcd6d2f582c57eb402c3
backend/tests/api/test_pra159_content_resolve_diff_routes.py,7,7,json,json,tests,REMOVE,False,,,,False,False,True,True,"No consumer, no pragma, no string reference.",620b45960fd3521ef1cffcd6d2f582c57eb402c3
backend/tests/api/test_pra159_content_resolve_diff_routes.py,8,8,datetime,datetime,tests,REMOVE,False,,,,False,False,True,True,"No consumer, no pragma, no string reference.",620b45960fd3521ef1cffcd6d2f582c57eb402c3
backend/tests/api/test_pra159_content_resolve_diff_routes.py,9,9,Path,pathlib,tests,REMOVE,False,,,,False,False,True,True,"No consumer, no pragma, no string reference.",620b45960fd3521ef1cffcd6d2f582c57eb402c3
backend/tests/api/test_pra159_content_resolve_diff_routes.py,18,13,MirrorSyncRun,app.db.models,tests,REMOVE,False,,,,False,False,True,True,"No consumer, no pragma, no string reference.",620b45960fd3521ef1cffcd6d2f582c57eb402c3
backend/tests/api/test_pra159_mirror_serve_routes.py,13,13,os,os,tests,REMOVE,False,,,,False,False,True,True,"No consumer, no pragma, no string reference.",620b45960fd3521ef1cffcd6d2f582c57eb402c3
backend/tests/api/test_pra162_policy_ring_routes.py,5,5,pytest,pytest,tests,REMOVE,False,,,,False,False,True,True,"No consumer, no pragma, no string reference.",620b45960fd3521ef1cffcd6d2f582c57eb402c3
backend/tests/api/test_pra162_ring_gates_routes.py,5,5,timezone,datetime,tests,REMOVE,False,,,,False,False,True,True,"No consumer, no pragma, no string reference.",620b45960fd3521ef1cffcd6d2f582c57eb402c3
backend/tests/api/test_pra164_approval_routes.py,25,25,datetime,datetime,tests,REMOVE,False,,,,False,False,True,True,"No consumer, no pragma, no string reference.",620b45960fd3521ef1cffcd6d2f582c57eb402c3
backend/tests/api/test_pra164_approval_routes.py,26,26,Optional,typing,tests,REMOVE,False,,,,False,False,True,True,"No consumer, no pragma, no string reference.",620b45960fd3521ef1cffcd6d2f582c57eb402c3
backend/tests/api/test_pra171_dispatch_routes.py,12,12,Optional,typing,tests,REMOVE,False,,,,False,False,True,True,"No consumer, no pragma, no string reference.",620b45960fd3521ef1cffcd6d2f582c57eb402c3
backend/tests/api/test_pra171_execution_routes.py,17,17,Optional,typing,tests,REMOVE,False,,,,False,False,True,True,"No consumer, no pragma, no string reference.",620b45960fd3521ef1cffcd6d2f582c57eb402c3
backend/tests/api/test_pra172_reboot_routes.py,454,454,patch_reboot_dispatch_service,app.services,tests,REMOVE,False,,,,False,False,True,True,"No consumer, no pragma, no string reference.",620b45960fd3521ef1cffcd6d2f582c57eb402c3
backend/tests/api/test_pra176_execution_rollup_pagination_routes.py,21,21,List,typing,tests,REMOVE,False,,,,False,False,True,True,"No consumer, no pragma, no string reference.",620b45960fd3521ef1cffcd6d2f582c57eb402c3
backend/tests/api/test_pra178_slice4_exports.py,28,25,ComplianceRemediationRequest,app.db.models,tests,REMOVE,False,,,,False,False,True,True,"No consumer, no pragma, no string reference.",620b45960fd3521ef1cffcd6d2f582c57eb402c3
backend/tests/api/test_pra178_slice4_exports.py,32,25,PatchRollbackDispatchHost,app.db.models,tests,REMOVE,False,,,,False,False,True,True,"No consumer, no pragma, no string reference.",620b45960fd3521ef1cffcd6d2f582c57eb402c3
backend/tests/api/test_pra178_slice4_exports.py,33,25,PatchRollbackDispatchRun,app.db.models,tests,REMOVE,False,,,,False,False,True,True,"No consumer, no pragma, no string reference.",620b45960fd3521ef1cffcd6d2f582c57eb402c3
backend/tests/api/test_pra178_slice4_exports.py,36,25,PatchUpdateExecutionRollback,app.db.models,tests,REMOVE,False,,,,False,False,True,True,"No consumer, no pragma, no string reference.",620b45960fd3521ef1cffcd6d2f582c57eb402c3
backend/tests/api/test_pra178_slice4_exports.py,37,25,PatchUpdateExecutionRollbackApproval,app.db.models,tests,REMOVE,False,,,,False,False,True,True,"No consumer, no pragma, no string reference.",620b45960fd3521ef1cffcd6d2f582c57eb402c3
backend/tests/api/test_pra310_diagnostics_bundle.py,15,15,pytest,pytest,tests,REMOVE,False,,,,False,False,True,True,"No consumer, no pragma, no string reference.",620b45960fd3521ef1cffcd6d2f582c57eb402c3
backend/tests/broker/test_audit_events.py,20,20,dt,datetime,tests,REMOVE,False,,,,False,False,True,True,"No consumer, no pragma, no string reference.",620b45960fd3521ef1cffcd6d2f582c57eb402c3
backend/tests/broker/test_audit_events.py,24,24,partial,functools,tests,REMOVE,False,,,,False,False,True,True,"No consumer, no pragma, no string reference.",620b45960fd3521ef1cffcd6d2f582c57eb402c3
backend/tests/broker/test_audit_events.py,44,43,REJECT_FINGERPRINT_MISMATCH,app.broker.handlers,tests,REMOVE,False,,,,False,False,True,True,"No consumer, no pragma, no string reference.",620b45960fd3521ef1cffcd6d2f582c57eb402c3
backend/tests/broker/test_internal_ops_api.py,14,14,Optional,typing,tests,REMOVE,False,,,,False,False,True,True,"No consumer, no pragma, no string reference.",620b45960fd3521ef1cffcd6d2f582c57eb402c3
backend/tests/broker/test_op_lifecycle.py,36,30,Operation,app.broker.ops,tests,REMOVE,False,,,,False,False,True,True,"No consumer, no pragma, no string reference.",620b45960fd3521ef1cffcd6d2f582c57eb402c3
backend/tests/broker/test_op_lifecycle.py,39,30,OpNotFound,app.broker.ops,tests,REMOVE,False,,,,False,False,True,True,"No consumer, no pragma, no string reference.",620b45960fd3521ef1cffcd6d2f582c57eb402c3
backend/tests/broker/test_pra155_internal_facts.py,21,21,Operation,app.broker.ops,tests,REMOVE,False,,,,False,False,True,True,"No consumer, no pragma, no string reference.",620b45960fd3521ef1cffcd6d2f582c57eb402c3
backend/tests/broker/test_tls_handshake.py,36,34,REJECT_NOT_ACTIVE,app.broker.handlers,tests,REMOVE,False,,,,False,False,True,True,"No consumer, no pragma, no string reference.",620b45960fd3521ef1cffcd6d2f582c57eb402c3
backend/tests/broker/test_tls_handshake.py,37,34,REJECT_SERIAL_MISMATCH,app.broker.handlers,tests,REMOVE,False,,,,False,False,True,True,"No consumer, no pragma, no string reference.",620b45960fd3521ef1cffcd6d2f582c57eb402c3
backend/tests/broker/test_tls_handshake.py,39,34,tunnel_handler,app.broker.handlers,tests,REMOVE,False,,,,False,False,True,True,"No consumer, no pragma, no string reference.",620b45960fd3521ef1cffcd6d2f582c57eb402c3
backend/tests/broker/test_tls_handshake.py,442,442,extract_peer_identity,app.broker.tls,tests,REMOVE,False,,,,False,False,True,True,"No consumer, no pragma, no string reference.",620b45960fd3521ef1cffcd6d2f582c57eb402c3
backend/tests/db/test_migrations.py,5,5,text,sqlalchemy,tests,REMOVE,False,,,,False,False,True,True,"No consumer, no pragma, no string reference.",620b45960fd3521ef1cffcd6d2f582c57eb402c3
backend/tests/services/test_access_binding_service.py,23,23,AccessBinding,app.db.access_models,tests,REMOVE,False,,,,False,False,True,True,"No consumer, no pragma, no string reference.",620b45960fd3521ef1cffcd6d2f582c57eb402c3
backend/tests/services/test_alert_service.py,7,7,MagicMock,unittest.mock,tests,REMOVE,False,,,,False,False,True,True,"No consumer, no pragma, no string reference.",620b45960fd3521ef1cffcd6d2f582c57eb402c3
backend/tests/services/test_alert_service.py,9,9,pytest,pytest,tests,REMOVE,False,,,,False,False,True,True,"No consumer, no pragma, no string reference.",620b45960fd3521ef1cffcd6d2f582c57eb402c3
backend/tests/services/test_ca_rotation_and_approvals.py,11,8,CommandApprovalVote,app.db.models,tests,REMOVE,False,,,,False,False,True,True,"No consumer, no pragma, no string reference.",620b45960fd3521ef1cffcd6d2f582c57eb402c3
backend/tests/services/test_command_execution_transport.py,22,22,Any,typing,tests,REMOVE,False,,,,False,False,True,True,"No consumer, no pragma, no string reference.",620b45960fd3521ef1cffcd6d2f582c57eb402c3
backend/tests/services/test_command_execution_transport.py,25,25,pytest,pytest,tests,REMOVE,False,,,,False,False,True,True,"No consumer, no pragma, no string reference.",620b45960fd3521ef1cffcd6d2f582c57eb402c3
backend/tests/services/test_command_validation_service.py,15,10,Distro,app.db.models,tests,REMOVE,False,,,,False,False,True,True,"No consumer, no pragma, no string reference.",620b45960fd3521ef1cffcd6d2f582c57eb402c3
backend/tests/services/test_command_validation_service.py,17,10,User,app.db.models,tests,REMOVE,False,,,,False,False,True,True,"No consumer, no pragma, no string reference.",620b45960fd3521ef1cffcd6d2f582c57eb402c3
backend/tests/services/test_drift_service.py,5,5,SimpleNamespace,types,tests,REMOVE,False,,,,False,False,True,True,"No consumer, no pragma, no string reference.",620b45960fd3521ef1cffcd6d2f582c57eb402c3
backend/tests/services/test_pra139_auth_totp_requests.py,6,6,timedelta,datetime,tests,REMOVE,False,,,,False,False,True,True,"No consumer, no pragma, no string reference.",620b45960fd3521ef1cffcd6d2f582c57eb402c3
backend/tests/services/test_pra139_auth_totp_requests.py,13,11,AccessGrant,app.db.access_models,tests,REMOVE,False,,,,False,False,True,True,"No consumer, no pragma, no string reference.",620b45960fd3521ef1cffcd6d2f582c57eb402c3
backend/tests/services/test_pra139_auth_totp_requests.py,14,11,AccessRequest,app.db.access_models,tests,REMOVE,False,,,,False,False,True,True,"No consumer, no pragma, no string reference.",620b45960fd3521ef1cffcd6d2f582c57eb402c3
backend/tests/services/test_pra139_auth_totp_requests.py,16,11,TotpChallenge,app.db.access_models,tests,REMOVE,False,,,,False,False,True,True,"No consumer, no pragma, no string reference.",620b45960fd3521ef1cffcd6d2f582c57eb402c3
backend/tests/services/test_pra142_file_transfer.py,12,12,datetime,datetime,tests,REMOVE,False,,,,False,False,True,True,"No consumer, no pragma, no string reference.",620b45960fd3521ef1cffcd6d2f582c57eb402c3
backend/tests/services/test_pra142_file_transfer.py,12,12,timedelta,datetime,tests,REMOVE,False,,,,False,False,True,True,"No consumer, no pragma, no string reference.",620b45960fd3521ef1cffcd6d2f582c57eb402c3
backend/tests/services/test_pra142_file_transfer.py,16,16,FileTransferAudit,app.db.access_models,tests,REMOVE,False,,,,False,False,True,True,"No consumer, no pragma, no string reference.",620b45960fd3521ef1cffcd6d2f582c57eb402c3
backend/tests/services/test_pra143_audit.py,6,6,datetime,datetime,tests,REMOVE,False,,,,False,False,True,True,"No consumer, no pragma, no string reference.",620b45960fd3521ef1cffcd6d2f582c57eb402c3
backend/tests/services/test_pra143_audit.py,6,6,timedelta,datetime,tests,REMOVE,False,,,,False,False,True,True,"No consumer, no pragma, no string reference.",620b45960fd3521ef1cffcd6d2f582c57eb402c3
backend/tests/services/test_pra143_audit.py,11,11,AuditEvent,app.db.access_models,tests,REMOVE,False,,,,False,False,True,True,"No consumer, no pragma, no string reference.",620b45960fd3521ef1cffcd6d2f582c57eb402c3
backend/tests/services/test_pra146_session_locks.py,15,15,SessionLock,app.db.access_models,tests,REMOVE,False,,,,False,False,True,True,"No consumer, no pragma, no string reference.",620b45960fd3521ef1cffcd6d2f582c57eb402c3
backend/tests/services/test_pra157_mirror_alerts.py,8,8,pytest,pytest,tests,REMOVE,False,,,,False,False,True,True,"No consumer, no pragma, no string reference.",620b45960fd3521ef1cffcd6d2f582c57eb402c3
backend/tests/services/test_pra157_mirror_engine.py,26,25,ClaimResult,app.services.mirror_sweep,tests,REMOVE,False,,,,False,False,True,True,"No consumer, no pragma, no string reference.",620b45960fd3521ef1cffcd6d2f582c57eb402c3
backend/tests/services/test_pra157_retention.py,13,13,pytest,pytest,tests,REMOVE,False,,,,False,False,True,True,"No consumer, no pragma, no string reference.",620b45960fd3521ef1cffcd6d2f582c57eb402c3
backend/tests/services/test_pra157_sync_engine.py,13,13,timedelta,datetime,tests,REMOVE,False,,,,False,False,True,True,"No consumer, no pragma, no string reference.",620b45960fd3521ef1cffcd6d2f582c57eb402c3
backend/tests/services/test_pra158_mirror_host_trust.py,13,13,AsyncMock,unittest.mock,tests,REMOVE,False,,,,False,False,True,True,"No consumer, no pragma, no string reference.",620b45960fd3521ef1cffcd6d2f582c57eb402c3
backend/tests/services/test_pra158_mirror_upstream_key_service.py,13,13,MirrorUpstreamKey,app.db.models,tests,REMOVE,False,,,,False,False,True,True,"No consumer, no pragma, no string reference.",620b45960fd3521ef1cffcd6d2f582c57eb402c3
backend/tests/services/test_pra158_sync_signing_flow.py,18,18,MirrorSigningKey,app.db.models,tests,REMOVE,False,,,,False,False,True,True,"No consumer, no pragma, no string reference.",620b45960fd3521ef1cffcd6d2f582c57eb402c3
backend/tests/services/test_pra158_upstream_verify.py,6,6,Path,pathlib,tests,REMOVE,False,,,,False,False,True,True,"No consumer, no pragma, no string reference.",620b45960fd3521ef1cffcd6d2f582c57eb402c3
backend/tests/services/test_pra159_content_profile_apply.py,15,15,AsyncMock,unittest.mock,tests,REMOVE,False,,,,False,False,True,True,"No consumer, no pragma, no string reference.",620b45960fd3521ef1cffcd6d2f582c57eb402c3
backend/tests/services/test_pra159_content_profile_service.py,18,17,ContentChannel,app.db.models,tests,REMOVE,False,,,,False,False,True,True,"No consumer, no pragma, no string reference.",620b45960fd3521ef1cffcd6d2f582c57eb402c3
backend/tests/services/test_pra159_content_profile_service.py,34,31,EffectiveProfile,app.services.content_profile_service,tests,REMOVE,False,,,,False,False,True,True,"No consumer, no pragma, no string reference.",620b45960fd3521ef1cffcd6d2f582c57eb402c3
backend/tests/services/test_pra159_content_resolver_and_diff.py,20,20,os,os,tests,REMOVE,False,,,,False,False,True,True,"No consumer, no pragma, no string reference.",620b45960fd3521ef1cffcd6d2f582c57eb402c3
backend/tests/services/test_pra159_cutover_preview_wiring.py,11,11,MagicMock,unittest.mock,tests,REMOVE,False,,,,False,False,True,True,"No consumer, no pragma, no string reference.",620b45960fd3521ef1cffcd6d2f582c57eb402c3
backend/tests/services/test_pra160_airgap_planner.py,32,29,DeltaNotImplemented,app.services.airgap.planner,tests,REMOVE,False,,,,False,False,True,True,"No consumer, no pragma, no string reference.",620b45960fd3521ef1cffcd6d2f582c57eb402c3
backend/tests/services/test_pra160_real_gpg_integration.py,30,29,AirgapImport,app.db.models,tests,REMOVE,False,,,,False,False,True,True,"No consumer, no pragma, no string reference.",620b45960fd3521ef1cffcd6d2f582c57eb402c3
backend/tests/services/test_pra160_run_kind_import_invariant.py,20,20,inspect,sqlalchemy,tests,REMOVE,False,,,,False,False,True,True,"No consumer, no pragma, no string reference.",620b45960fd3521ef1cffcd6d2f582c57eb402c3
backend/tests/services/test_pra162_policy_ring_bindings.py,23,23,PatchRing,app.db.models,tests,REMOVE,False,,,,False,False,True,True,"No consumer, no pragma, no string reference.",620b45960fd3521ef1cffcd6d2f582c57eb402c3
backend/tests/services/test_pra162_ring_gates.py,32,27,AUDIT_PATCH_RING_GATE_UPDATED,app.services.patch_ring_service,tests,REMOVE,False,,,,False,False,True,True,"No consumer, no pragma, no string reference.",620b45960fd3521ef1cffcd6d2f582c57eb402c3
backend/tests/services/test_pra163_advisory_service.py,37,37,timedelta,datetime,tests,REMOVE,False,,,,False,False,True,True,"No consumer, no pragma, no string reference.",620b45960fd3521ef1cffcd6d2f582c57eb402c3
backend/tests/services/test_pra163_advisory_service.py,57,44,SEVERITY_LOW,app.services.patch_advisory_service,tests,REMOVE,False,,,,False,False,True,True,"No consumer, no pragma, no string reference.",620b45960fd3521ef1cffcd6d2f582c57eb402c3
backend/tests/services/test_pra163_advisory_service.py,58,44,SEVERITY_MEDIUM,app.services.patch_advisory_service,tests,REMOVE,False,,,,False,False,True,True,"No consumer, no pragma, no string reference.",620b45960fd3521ef1cffcd6d2f582c57eb402c3
backend/tests/services/test_pra163_advisory_service.py,59,44,SEVERITY_UNKNOWN,app.services.patch_advisory_service,tests,REMOVE,False,,,,False,False,True,True,"No consumer, no pragma, no string reference.",620b45960fd3521ef1cffcd6d2f582c57eb402c3
backend/tests/services/test_pra163_advisory_smart_group_predicates.py,44,36,SmartGroupMembership,app.db.models,tests,REMOVE,False,,,,False,False,True,True,"No consumer, no pragma, no string reference.",620b45960fd3521ef1cffcd6d2f582c57eb402c3
backend/tests/services/test_pra163_advisory_smart_group_predicates.py,55,53,APPLICABILITY_STATE_FIXED,app.services.patch_advisory_service,tests,REMOVE,False,,,,False,False,True,True,"No consumer, no pragma, no string reference.",620b45960fd3521ef1cffcd6d2f582c57eb402c3
backend/tests/services/test_pra163_advisory_smart_group_predicates.py,56,53,APPLICABILITY_STATE_NOT_APPLICABLE,app.services.patch_advisory_service,tests,REMOVE,False,,,,False,False,True,True,"No consumer, no pragma, no string reference.",620b45960fd3521ef1cffcd6d2f582c57eb402c3
backend/tests/services/test_pra163_advisory_smart_group_predicates.py,57,53,APPLICABILITY_STATE_UNKNOWN,app.services.patch_advisory_service,tests,REMOVE,False,,,,False,False,True,True,"No consumer, no pragma, no string reference.",620b45960fd3521ef1cffcd6d2f582c57eb402c3
backend/tests/services/test_pra163_host_applicability.py,63,57,SOURCE_KIND_DEBIAN_SECURITY,app.services.patch_advisory_service,tests,REMOVE,False,,,,False,False,True,True,"No consumer, no pragma, no string reference.",620b45960fd3521ef1cffcd6d2f582c57eb402c3
backend/tests/services/test_pra164_approval_service.py,35,35,timedelta,datetime,tests,REMOVE,False,,,,False,False,True,True,"No consumer, no pragma, no string reference.",620b45960fd3521ef1cffcd6d2f582c57eb402c3
backend/tests/services/test_pra164_approval_service.py,36,36,Optional,typing,tests,REMOVE,False,,,,False,False,True,True,"No consumer, no pragma, no string reference.",620b45960fd3521ef1cffcd6d2f582c57eb402c3
backend/tests/services/test_pra164_preflight_service.py,74,60,PatchPolicy,app.db.models,tests,REMOVE,False,,,,False,False,True,True,"No consumer, no pragma, no string reference.",620b45960fd3521ef1cffcd6d2f582c57eb402c3
backend/tests/services/test_pra164_preflight_service.py,75,60,PatchUpdatePlanHost,app.db.models,tests,REMOVE,False,,,,False,False,True,True,"No consumer, no pragma, no string reference.",620b45960fd3521ef1cffcd6d2f582c57eb402c3
backend/tests/services/test_pra164_selection_service.py,54,46,PatchUpdatePlan,app.db.models,tests,REMOVE,False,,,,False,False,True,True,"No consumer, no pragma, no string reference.",620b45960fd3521ef1cffcd6d2f582c57eb402c3
backend/tests/services/test_pra164_selection_service.py,55,46,PatchUpdatePlanHost,app.db.models,tests,REMOVE,False,,,,False,False,True,True,"No consumer, no pragma, no string reference.",620b45960fd3521ef1cffcd6d2f582c57eb402c3
backend/tests/services/test_pra164_update_plan_service.py,41,37,GroupContentProfileSubscription,app.db.models,tests,REMOVE,False,,,,False,False,True,True,"No consumer, no pragma, no string reference.",620b45960fd3521ef1cffcd6d2f582c57eb402c3
backend/tests/services/test_pra164_update_plan_service.py,44,37,PatchUpdatePlan,app.db.models,tests,REMOVE,False,,,,False,False,True,True,"No consumer, no pragma, no string reference.",620b45960fd3521ef1cffcd6d2f582c57eb402c3
backend/tests/services/test_pra164_update_plan_service.py,45,37,PatchUpdatePlanHost,app.db.models,tests,REMOVE,False,,,,False,False,True,True,"No consumer, no pragma, no string reference.",620b45960fd3521ef1cffcd6d2f582c57eb402c3
backend/tests/services/test_pra164_update_plan_service.py,46,37,SmartGroup,app.db.models,tests,REMOVE,False,,,,False,False,True,True,"No consumer, no pragma, no string reference.",620b45960fd3521ef1cffcd6d2f582c57eb402c3
backend/tests/services/test_pra164_update_plan_service.py,47,37,SmartGroupMembership,app.db.models,tests,REMOVE,False,,,,False,False,True,True,"No consumer, no pragma, no string reference.",620b45960fd3521ef1cffcd6d2f582c57eb402c3
backend/tests/services/test_pra165_compliance_evaluation_service.py,31,30,CompliancePolicy,app.db.models,tests,REMOVE,False,,,,False,False,True,True,"No consumer, no pragma, no string reference.",620b45960fd3521ef1cffcd6d2f582c57eb402c3
backend/tests/services/test_pra165_compliance_evaluation_service.py,32,30,CompliancePolicyCheck,app.db.models,tests,REMOVE,False,,,,False,False,True,True,"No consumer, no pragma, no string reference.",620b45960fd3521ef1cffcd6d2f582c57eb402c3
backend/tests/services/test_pra166_compliance_probe_runner.py,58,40,ProbeOutcome,app.services.compliance_probe_runner_service,tests,REMOVE,False,,,,False,False,True,True,"No consumer, no pragma, no string reference.",620b45960fd3521ef1cffcd6d2f582c57eb402c3
backend/tests/services/test_pra167_remediation_plan_lifecycle.py,34,34,Package,app.db.models,tests,REMOVE,False,,,,False,False,True,True,"No consumer, no pragma, no string reference.",620b45960fd3521ef1cffcd6d2f582c57eb402c3
backend/tests/services/test_pra167_remediation_plan_lifecycle.py,46,41,PLAN_KIND_PACKAGE_INSTALL,app.services.compliance_remediation_plan_service,tests,REMOVE,False,,,,False,False,True,True,"No consumer, no pragma, no string reference.",620b45960fd3521ef1cffcd6d2f582c57eb402c3
backend/tests/services/test_pra167_remediation_plan_lifecycle.py,47,41,PLAN_STATE_PLANNED,app.services.compliance_remediation_plan_service,tests,REMOVE,False,,,,False,False,True,True,"No consumer, no pragma, no string reference.",620b45960fd3521ef1cffcd6d2f582c57eb402c3
backend/tests/services/test_pra167_remediation_plan_service.py,47,44,AUDIT_COMPLIANCE_REMEDIATION_PLAN_UNSUPPORTED,app.services.compliance_remediation_plan_service,tests,REMOVE,False,,,,False,False,True,True,"No consumer, no pragma, no string reference.",620b45960fd3521ef1cffcd6d2f582c57eb402c3
backend/tests/services/test_pra167_remediation_rollup_service.py,28,28,Package,app.db.models,tests,REMOVE,False,,,,False,False,True,True,"No consumer, no pragma, no string reference.",620b45960fd3521ef1cffcd6d2f582c57eb402c3
backend/tests/services/test_pra167_remediation_service.py,33,31,ComplianceRemediationRequest,app.db.models,tests,REMOVE,False,,,,False,False,True,True,"No consumer, no pragma, no string reference.",620b45960fd3521ef1cffcd6d2f582c57eb402c3
backend/tests/services/test_pra171_dispatch_service.py,28,28,Optional,typing,tests,REMOVE,False,,,,False,False,True,True,"No consumer, no pragma, no string reference.",620b45960fd3521ef1cffcd6d2f582c57eb402c3
backend/tests/services/test_pra171_dispatch_service.py,55,49,ERROR_CODE_UNSUPPORTED_FAMILY,app.services.patch_execution_dispatch_service,tests,REMOVE,False,,,,False,False,True,True,"No consumer, no pragma, no string reference.",620b45960fd3521ef1cffcd6d2f582c57eb402c3
backend/tests/services/test_pra171_dispatch_service.py,67,64,EXECUTION_HOST_STATE_RUNNING,app.services.patch_execution_service,tests,REMOVE,False,,,,False,False,True,True,"No consumer, no pragma, no string reference.",620b45960fd3521ef1cffcd6d2f582c57eb402c3
backend/tests/services/test_pra171_execution_completion.py,35,35,Dict,typing,tests,REMOVE,False,,,,False,False,True,True,"No consumer, no pragma, no string reference.",620b45960fd3521ef1cffcd6d2f582c57eb402c3
backend/tests/services/test_pra171_execution_completion.py,63,62,EXECUTION_HOST_STATE_FAILED,app.services.patch_execution_service,tests,REMOVE,False,,,,False,False,True,True,"No consumer, no pragma, no string reference.",620b45960fd3521ef1cffcd6d2f582c57eb402c3
backend/tests/services/test_pra171_execution_completion.py,65,62,EXECUTION_HOST_STATE_SUCCEEDED,app.services.patch_execution_service,tests,REMOVE,False,,,,False,False,True,True,"No consumer, no pragma, no string reference.",620b45960fd3521ef1cffcd6d2f582c57eb402c3
backend/tests/services/test_pra171_execution_completion.py,68,62,EXECUTION_STATE_RUNNING,app.services.patch_execution_service,tests,REMOVE,False,,,,False,False,True,True,"No consumer, no pragma, no string reference.",620b45960fd3521ef1cffcd6d2f582c57eb402c3
backend/tests/services/test_pra171_execution_service.py,27,27,Optional,typing,tests,REMOVE,False,,,,False,False,True,True,"No consumer, no pragma, no string reference.",620b45960fd3521ef1cffcd6d2f582c57eb402c3
backend/tests/services/test_pra171_execution_service.py,37,31,PatchUpdateExecution,app.db.models,tests,REMOVE,False,,,,False,False,True,True,"No consumer, no pragma, no string reference.",620b45960fd3521ef1cffcd6d2f582c57eb402c3
backend/tests/services/test_pra171_execution_service.py,38,31,PatchUpdateExecutionHost,app.db.models,tests,REMOVE,False,,,,False,False,True,True,"No consumer, no pragma, no string reference.",620b45960fd3521ef1cffcd6d2f582c57eb402c3
backend/tests/services/test_pra171_execution_service.py,58,46,SKIP_REASON_PLAN_HOST_BLOCKED,app.services.patch_execution_service,tests,REMOVE,False,,,,False,False,True,True,"No consumer, no pragma, no string reference.",620b45960fd3521ef1cffcd6d2f582c57eb402c3
backend/tests/services/test_pra172_reboot_dispatch.py,44,37,PatchPolicy,app.db.models,tests,REMOVE,False,,,,False,False,True,True,"No consumer, no pragma, no string reference.",620b45960fd3521ef1cffcd6d2f582c57eb402c3
backend/tests/services/test_pra172_reboot_dispatch.py,52,48,patch_reboot_service,app.services,tests,REMOVE,False,,,,False,False,True,True,"No consumer, no pragma, no string reference.",620b45960fd3521ef1cffcd6d2f582c57eb402c3
backend/tests/services/test_pra172_reboot_scheduling.py,26,26,timedelta,datetime,tests,REMOVE,False,,,,False,False,True,True,"No consumer, no pragma, no string reference.",620b45960fd3521ef1cffcd6d2f582c57eb402c3
backend/tests/services/test_pra172_reboot_scheduling.py,57,53,REBOOT_STATE_NOT_REQUIRED,app.services.patch_reboot_service,tests,REMOVE,False,,,,False,False,True,True,"No consumer, no pragma, no string reference.",620b45960fd3521ef1cffcd6d2f582c57eb402c3
backend/tests/services/test_pra172_reboot_verify.py,29,29,Optional,typing,tests,REMOVE,False,,,,False,False,True,True,"No consumer, no pragma, no string reference.",620b45960fd3521ef1cffcd6d2f582c57eb402c3
backend/tests/services/test_pra172_reboot_verify.py,39,33,PatchPolicy,app.db.models,tests,REMOVE,False,,,,False,False,True,True,"No consumer, no pragma, no string reference.",620b45960fd3521ef1cffcd6d2f582c57eb402c3
backend/tests/services/test_pra172_reboot_verify.py,46,43,patch_reboot_service,app.services,tests,REMOVE,False,,,,False,False,True,True,"No consumer, no pragma, no string reference.",620b45960fd3521ef1cffcd6d2f582c57eb402c3
backend/tests/services/test_pra172_reboot_verify.py,61,60,DEFAULT_GRACE_SECONDS,app.services.patch_reboot_verify_service,tests,REMOVE,False,,,,False,False,True,True,"No consumer, no pragma, no string reference.",620b45960fd3521ef1cffcd6d2f582c57eb402c3
backend/tests/services/test_pra172_wave_reboot_gate.py,32,32,List,typing,tests,REMOVE,False,,,,False,False,True,True,"No consumer, no pragma, no string reference.",620b45960fd3521ef1cffcd6d2f582c57eb402c3
backend/tests/services/test_pra172_wave_reboot_gate.py,42,36,PatchPolicy,app.db.models,tests,REMOVE,False,,,,False,False,True,True,"No consumer, no pragma, no string reference.",620b45960fd3521ef1cffcd6d2f582c57eb402c3
backend/tests/services/test_pra172_wave_reboot_gate.py,47,46,patch_execution_dispatch_service,app.services,tests,REMOVE,False,,,,False,False,True,True,"No consumer, no pragma, no string reference.",620b45960fd3521ef1cffcd6d2f582c57eb402c3
backend/tests/services/test_pra173_rollback_slice2.py,38,29,PatchUpdateExecutionRollback,app.db.models,tests,REMOVE,False,,,,False,False,True,True,"No consumer, no pragma, no string reference.",620b45960fd3521ef1cffcd6d2f582c57eb402c3
backend/tests/services/test_pra173_rollback_slice2.py,40,29,PatchUpdateExecutionRollbackHost,app.db.models,tests,REMOVE,False,,,,False,False,True,True,"No consumer, no pragma, no string reference.",620b45960fd3521ef1cffcd6d2f582c57eb402c3
backend/tests/services/test_pra173_rollback_slice3.py,34,29,PatchApproval,app.db.models,tests,REMOVE,False,,,,False,False,True,True,"No consumer, no pragma, no string reference.",620b45960fd3521ef1cffcd6d2f582c57eb402c3
backend/tests/services/test_pra173_rollback_slice3.py,38,29,PatchRollbackDispatchRun,app.db.models,tests,REMOVE,False,,,,False,False,True,True,"No consumer, no pragma, no string reference.",620b45960fd3521ef1cffcd6d2f582c57eb402c3
backend/tests/services/test_pra173_rollback_slice3.py,42,29,PatchUpdateExecutionRollback,app.db.models,tests,REMOVE,False,,,,False,False,True,True,"No consumer, no pragma, no string reference.",620b45960fd3521ef1cffcd6d2f582c57eb402c3
backend/tests/services/test_pra173_rollback_slice3.py,43,29,PatchUpdateExecutionRollbackApproval,app.db.models,tests,REMOVE,False,,,,False,False,True,True,"No consumer, no pragma, no string reference.",620b45960fd3521ef1cffcd6d2f582c57eb402c3
backend/tests/services/test_pra173_rollback_slice3.py,44,29,PatchUpdateExecutionRollbackHost,app.db.models,tests,REMOVE,False,,,,False,False,True,True,"No consumer, no pragma, no string reference.",620b45960fd3521ef1cffcd6d2f582c57eb402c3
backend/tests/services/test_pra173_rollback_slice4.py,25,25,Dict,typing,tests,REMOVE,False,,,,False,False,True,True,"No consumer, no pragma, no string reference.",620b45960fd3521ef1cffcd6d2f582c57eb402c3
backend/tests/services/test_pra173_rollback_slice4.py,42,29,PatchUpdateExecutionRollbackHost,app.db.models,tests,REMOVE,False,,,,False,False,True,True,"No consumer, no pragma, no string reference.",620b45960fd3521ef1cffcd6d2f582c57eb402c3
backend/tests/services/test_pra175_slice2_effective_argv.py,41,38,PackageHistory,app.db.models,tests,REMOVE,False,,,,False,False,True,True,"No consumer, no pragma, no string reference.",620b45960fd3521ef1cffcd6d2f582c57eb402c3
backend/tests/services/test_pra175_slice2_effective_argv.py,54,53,patch_execution_dispatch_service,app.services,tests,REMOVE,False,,,,False,False,True,True,"No consumer, no pragma, no string reference.",620b45960fd3521ef1cffcd6d2f582c57eb402c3
backend/tests/services/test_pra175_slice2_effective_argv.py,56,53,patch_policy_service,app.services,tests,REMOVE,False,,,,False,False,True,True,"No consumer, no pragma, no string reference.",620b45960fd3521ef1cffcd6d2f582c57eb402c3
backend/tests/services/test_pra175_slice2_effective_argv.py,57,53,patch_reboot_dispatch_service,app.services,tests,REMOVE,False,,,,False,False,True,True,"No consumer, no pragma, no string reference.",620b45960fd3521ef1cffcd6d2f582c57eb402c3
backend/tests/services/test_pra176_execution_batch_service.py,59,53,BATCH_OUTCOME_REFUSED,app.services.compliance_remediation_execution_service,tests,REMOVE,False,,,,False,False,True,True,"No consumer, no pragma, no string reference.",620b45960fd3521ef1cffcd6d2f582c57eb402c3
backend/tests/services/test_pra176_execution_dispatch_service.py,47,45,ComplianceRemediationExecutionAttempt,app.db.models,tests,REMOVE,False,,,,False,False,True,True,"No consumer, no pragma, no string reference.",620b45960fd3521ef1cffcd6d2f582c57eb402c3
backend/tests/services/test_pra176_execution_dispatch_service.py,65,61,STATE_DISPATCHED,app.services.compliance_remediation_execution_service,tests,REMOVE,False,,,,False,False,True,True,"No consumer, no pragma, no string reference.",620b45960fd3521ef1cffcd6d2f582c57eb402c3
backend/tests/services/test_pra176_execution_dispatch_service.py,67,61,STATE_PENDING,app.services.compliance_remediation_execution_service,tests,REMOVE,False,,,,False,False,True,True,"No consumer, no pragma, no string reference.",620b45960fd3521ef1cffcd6d2f582c57eb402c3
backend/tests/services/test_pra254_ssh_upload_atomic.py,31,31,pytest,pytest,tests,REMOVE,False,,,,False,False,True,True,"No consumer, no pragma, no string reference.",620b45960fd3521ef1cffcd6d2f582c57eb402c3
backend/tests/services/test_pra290_identity_access.py,17,17,SessionLock,app.db.access_models,tests,REMOVE,False,,,,False,False,True,True,"No consumer, no pragma, no string reference.",620b45960fd3521ef1cffcd6d2f582c57eb402c3
backend/tests/services/test_pra290_identity_access.py,18,18,Role,app.db.models,tests,REMOVE,False,,,,False,False,True,True,"No consumer, no pragma, no string reference.",620b45960fd3521ef1cffcd6d2f582c57eb402c3
backend/tests/services/test_pra313_transport_cooldown.py,26,26,ssh_service,app.services,tests,REMOVE,False,,,,False,False,True,True,"No consumer, no pragma, no string reference.",620b45960fd3521ef1cffcd6d2f582c57eb402c3
backend/tests/services/test_pra339_broker_bundle.py,14,14,pytest,pytest,tests,REMOVE,False,,,,False,False,True,True,"No consumer, no pragma, no string reference.",620b45960fd3521ef1cffcd6d2f582c57eb402c3
backend/tests/services/test_pra346_compliance_labels.py,19,19,datetime,datetime,tests,REMOVE,False,,,,False,False,True,True,"No consumer, no pragma, no string reference.",620b45960fd3521ef1cffcd6d2f582c57eb402c3
backend/tests/services/test_pra346_compliance_labels.py,27,23,HostFacts,app.db.models,tests,REMOVE,False,,,,False,False,True,True,"No consumer, no pragma, no string reference.",620b45960fd3521ef1cffcd6d2f582c57eb402c3
backend/tests/services/transport/test_factory.py,11,11,Optional,typing,tests,REMOVE,False,,,,False,False,True,True,"No consumer, no pragma, no string reference.",620b45960fd3521ef1cffcd6d2f582c57eb402c3
backend/tests/services/transport/test_ssh_transport.py,12,12,BytesIO,io,tests,REMOVE,False,,,,False,False,True,True,"No consumer, no pragma, no string reference.",620b45960fd3521ef1cffcd6d2f582c57eb402c3
